,Fecha,Tipo de cambio de las principales monedas - promedio del período (S/ por UM) - Dólar Americano (US$),Tipo de cambio de las principales monedas - promedio del período (S/ por UM) - Euro (E),Tipo de cambio de las principales monedas - promedio del período (S/ por UM) - Yen  (¥),Tipo de cambio de las principales monedas - promedio del período (S/ por UM) - Real Brasileño (R),Tipo de cambio de las principales monedas - promedio del período (S/ por UM) - Libra Esterlina (£),Tipo de cambio de las principales monedas - promedio del período (S/ por UM) - Peso Chileno ($),Tipo de cambio de las principales monedas - promedio del período (S/ por UM) - Yuan Chino,Tipo de cambio de las principales monedas - promedio del período (S/ por UM) - Peso Colombiano ($),Tipo de cambio de las principales monedas - promedio del período (S/ por UM) - Peso Mexicano ($),Tipo de cambio de las principales monedas - promedio del período (S/ por UM) - Franco Suizo ($),Tipo de cambio de las principales monedas - promedio del período (S/ por UM) - Dólar Canadiense (Can$)
0,Ene.1992,0.987954545454545,1.27594329545455,0.00789794983975174,1906.62088998098,1.78938373080951,0.00267195279365665,0.181339282585589,0.00138781440844435,0.321970807980076,0.703821717927296,0.854279259163084
1,Feb.1992,0.9715,1.2275874,0.00761960784313726,1518.21704660683,1.72577344493868,0.00279279020295521,0.177816418047039,0.00134696893860511,0.31710644853834,0.666826824078523,0.821543639484833
2,Mar.1992,0.955,1.1753185,0.00719668425018839,1216.18878787885,1.64680726319601,0.00274157432393638,0.174480213395696,0.00130927736115491,0.311357878984484,0.633331122753498,0.800750058806917
3,Abr.1992,1.0215,1.26860085,0.00764996629970793,1074.51179748553,1.79428988979565,0.0029497545480797,0.185845538069681,0.00138484814797743,0.33300624936838,0.673457278481013,0.860176032351444
4,May.1992,1.131,1.4319591,0.00866202037221414,994.239185569327,2.04761102994292,0.00326350415512465,0.205501853332364,0.00151616708670706,0.365047139818542,0.758856682769726,0.943262470496985
5,Jun.1992,1.17833333333333,1.53583966666667,0.00929211681518282,864.46756746932,2.18313777730018,0.00331924882629108,0.215216769252312,0.00156165994512323,0.377855023387462,0.827539387129246,0.985333391901439
6,Jul.1992,1.23190476190476,1.68586166666667,0.00980425596422413,743.41011671589,2.36391973162978,0.00341011698797166,0.226319951849052,0.00161429384503515,0.395280893142297,0.923190019413041,1.033713663282
7,Ago.1992,1.28325,1.801554675,0.01015952814504,634.679992929206,2.4878153753097,0.00347896220788375,0.236382559360436,0.00166289359683917,0.415121989091827,0.987723214285714,1.07757806300462
8,Sep.1992,1.37022727272727,1.88022586363636,0.0111654764726799,548.607556910814,2.53398072779255,0.00364383382812273,0.249367997511697,0.00175548404597231,0.444052873299761,1.07401416579971,1.12104554104688
9,Oct.1992,1.54928571428571,2.041029,0.0127997828344821,496.20436853782,2.5669635460406,0.00415246774131791,0.27981103402368,0.00196242281498831,0.495960290249956,1.1786390821287,1.2443776404952
10,Nov.1992,1.6155,1.9974042,0.013042319926372,412.640029802158,2.46606583502775,0.00427799698117205,0.287808875665853,0.00202382488496582,0.517829954323263,1.13007589800986,1.27409381999432
11,Dic.1992,1.62600011642799,2.01168734404471,0.0131097324552769,336.803132017061,2.52249083763132,0.00427647182270262,0.280431878242901,0.00201326341361787,0.521459739663966,1.14378173637309,1.27757021784149
12,Ene.1993,1.68975,2.050511625,0.0135169186465083,277.730184492501,2.58864351862491,0.00440119292579376,0.293155794587092,0.0020703356645413,0.542525524947024,1.14319058250457,1.32264882000704
13,Feb.1993,1.75225,2.074664,0.0144861937830688,226.602745736326,2.5187875895537,0.0045171560413498,0.303688105513094,0.00212507534330472,0.565442576398077,1.15370687384777,1.3909561061961
14,Mar.1993,1.83326086956522,2.15994795652174,0.0156595273730693,188.536341496673,2.6767230789838,0.00461522800857262,0.319868244475986,0.0022010602360733,0.589795344582317,1.2053789661156,1.47029593909534
15,Abr.1993,1.9055,2.32413835,0.016946062519454,153.267240653588,2.94636092341472,0.00474961988085446,0.333929166009498,0.00226416125628571,0.615570990146988,1.30576303707257,1.50990491283677
16,May.1993,1.96,2.384732,0.0177531568464234,122.275892591301,3.03487317017277,0.00483974517260112,0.342555534194383,0.00231554334460861,0.627661959201973,1.35346964706207,1.54320380132038
17,Jun.1993,1.99863636363636,2.36278790909091,0.0186196791842404,96.0040972556634,3.02186352970154,0.00495570633185312,0.348352278669147,0.0023274219532898,0.640321777348016,1.35740040996765,1.56312212269371
18,Jul.1993,2.04236842105263,2.31625002631579,0.018958214249073,75.1829775357141,3.05701672981061,0.0050455011760484,0.354503995878052,0.00235388646339068,0.653850819904159,1.34813356197697,1.59346621707138
19,Ago.1993,2.07023809523809,2.33005297619048,0.0199617982377601,57.8180045072322,3.08834960160112,0.00507834493263527,0.358395903198895,0.00236200203455439,0.665115368257436,1.3827398445352,1.58182943378631
20,Sep.1993,2.09045454545454,2.45022177272727,0.0198552001140385,43.4447421197929,3.18584291487655,0.00512127819264202,0.361232857344832,0.00236091798039415,0.671588828173144,1.47224439961304,1.58228491561446
21,Oct.1993,2.13475,2.473107875,0.0199660509325799,32.6198341268837,3.17373262921243,0.00517402263748515,0.368899910140319,0.00238646203546101,0.685489050157344,1.48217707667953,1.60977743257561
22,Nov.1993,2.16380952380952,2.44120990476191,0.0200719772091533,24.2957251852699,3.20387804618717,0.00524559884559885,0.373411828707185,0.00240586079677041,0.685769823411252,1.4448996853591,1.64206935845625
23,Dic.1993,2.15613636363636,2.43363111363636,0.0196550157926301,17.8332894223095,3.2123081361522,0.00506456290051526,0.371312317220563,0.0023619180484635,0.693804538287597,1.47290153062524,1.62029657400216
24,Ene.1994,2.17,2.416512,0.0194601398493534,12.8296111199505,3.2390960384512,0.00504123591590196,0.249425287356322,0.00235562026189916,0.698310539018504,1.47469571658659,1.64722760966019
25,Feb.1994,2.17175,2.427799325,0.0204475959210447,9.11105563393834,3.21096279102164,0.0050660150691642,0.249546123086823,0.00233589326655896,0.697975253093363,1.4889787802955,1.61819109817933
26,Mar.1994,2.16840909090909,2.47523897727273,0.0206242852023951,6.52334676827144,3.23258475136221,0.00503753999514251,0.249162234098117,0.00264517552809248,0.660274988858162,1.51653967640372,1.5893931619945
27,Abr.1994,2.17975,2.48099145,0.0210549976146202,4.53954837090177,3.23156032170819,0.00513522746012675,0.250675636823644,0.00261940125588499,0.649973163167939,1.51515678110424,1.57671261116918
28,May.1994,2.18363636363636,2.54000581818182,0.0210511555349114,3.18257933689837,3.28176546248304,0.00514159727722242,0.252009413107637,0.00259528549642312,0.659310496267018,1.54475612532461,1.58124301882359
29,Jun.1994,2.18880952380952,2.58804838095238,0.0213076555247121,2.62132877102937,3.33692085901788,0.00520302729820653,0.252831114426087,0.0026343249212017,0.651295719287507,1.59084333212891,1.58175912717911
30,Jul.1994,2.195,2.6779,0.0222848024145152,2.35262593783494,3.39137225319512,0.00522010035910485,0.254042105019502,0.00267970328274273,0.64541738951454,1.65600386275161,1.58770917797171
31,Ago.1994,2.22840909090909,2.71553931818182,0.0223180545244662,2.47876428354738,3.43754800427981,0.00531294635793599,0.259425026299692,0.00273483742426037,0.658883265104252,1.69080176250348,1.61765578786633
32,Sep.1994,2.25431818181818,2.77686913636364,0.0228153714814932,2.60614818707304,3.52454228586148,0.00543379415676762,0.263962411369411,0.00271583910760411,0.66307376369733,1.74524706533161,1.66527187094255
33,Oct.1994,2.23214285714286,2.803125,0.0226794209633936,2.63846673421142,3.58434321811616,0.00541506236419024,0.261702936600056,0.00265876356556261,0.653475864261039,1.76501419918623,1.65342078209713
34,Nov.1994,2.1902380952381,2.71020061904762,0.022359293107023,2.60123289220676,3.48091429901585,0.00529746788060974,0.257163767948208,0.0026387615342464,0.63621625958232,1.69088572340278,1.60467079236023
35,Dic.1994,2.13452380952381,2.58832357142857,0.0213189092423238,2.51120448179272,3.32930074612129,0.00530672453452952,0.251561064783094,0.00257375077387863,0.543025289896156,1.60583481378227,1.53737616104911
36,Ene.1995,2.18454545454545,2.70424881818182,0.0219012457789518,2.57915638080927,3.44016388877775,0.0053835710349092,0.258792538417715,0.00258015277062007,0.396231921815511,1.69614150746959,1.54614821587583
37,Feb.1995,2.20825,2.7638457,0.0224774284172918,2.62574316290131,3.47056294676278,0.0053580094142767,0.261783673566162,0.00259619998150182,0.388407148133817,1.7374114870181,1.57674141298023
38,Mar.1995,2.25086956521739,2.93108234782609,0.0247924141744759,2.53191177189808,3.6018715346758,0.00548377324274568,0.267083103756395,0.00259898802775939,0.335855438788611,1.92158650220034,1.59935000043371
39,Abr.1995,2.25555555555555,2.99447555555555,0.0269585628297195,2.48409202153695,3.62798275898238,0.00571996945592665,0.267801193892022,0.00258463799779833,0.358047424527836,1.98365584841351,1.63938119768718
40,May.1995,2.24863636363636,2.93986718181818,0.0264243936669953,2.50684098510186,3.57014668886215,0.00596186431486164,0.270333777787493,0.00256416265545568,0.377117138819052,1.92617534853767,1.65238849801326
41,Jun.1995,2.24166666666667,2.95541333333333,0.0265193288247714,2.4525893508388,3.57496509093103,0.00600033905261561,0.270051038642396,0.00256260618382593,0.360211252517462,1.93562499820109,1.62769333478216
42,Jul.1995,2.22925,2.973596575,0.0255585123976986,2.39962325080732,3.55491991268157,0.00589639484751501,0.268561687568518,0.00249574290689826,0.363105515196925,1.92796665138765,1.63811252401965
43,Ago.1995,2.23840909090909,2.89806825,0.0236748884417334,2.37623045744065,3.51239617224607,0.00577997028148086,0.26944436845129,0.00239421218551836,0.361564407583565,1.86842380837473,1.65205110301536
44,Sep.1995,2.24585714285714,2.87087918571429,0.0223496170454747,2.35661819817119,3.49710643972097,0.00569205480245626,0.269983427644064,0.0023293120131829,0.356343854479515,1.88733834990852,1.66269263982731
45,Oct.1995,2.25579545454546,2.92915039772727,0.0224112126483966,2.34978693181818,3.56133555522112,0.0055476746213798,0.271275985153684,0.00228800203470657,0.337133723086706,1.96820180656952,1.67655402076744
46,Nov.1995,2.31090476190476,2.9942393,0.0226742662954066,2.39720410985971,3.61345474255343,0.0056047749555062,0.277970140362634,0.00230965200665635,0.30174772301065,2.02254983231203,1.70776339325388
47,Dic.1995,2.32231578947368,2.96211378947368,0.0228091736734805,2.39908655937364,3.57452007045385,0.00567831138313288,0.279272185948541,0.00235183589248601,0.302988478280126,1.99547666630035,1.69577900122274
48,Ene.1996,2.34715909090909,2.95788988636364,0.0221773663796443,2.40734265734266,3.59138716565789,0.0057453775509977,0.282157946157898,0.00232135904224181,0.31275438264965,1.98748409435387,1.71758581006818
49,Feb.1996,2.35359523809524,2.94905483333333,0.0222613772277761,2.39917965147323,3.61528202911991,0.00572692711899953,0.283115435463508,0.00228584907197918,0.31363706165817,1.96887672586184,1.71108341555452
50,Mar.1996,2.35528571428571,2.95305722857143,0.0222581369306219,2.38848566502963,3.59691244630994,0.00572296370862766,0.28278472718915,0.00225359192782426,0.310986283179164,1.96933536872332,1.72505675648084
51,Abr.1996,2.363875,2.9387694,0.0219970384316213,2.38727024843466,3.58197184309121,0.00578785319034327,0.283727420032407,0.00224931106448376,0.316394067966753,1.93774540744809,1.7393004775736
52,May.1996,2.40913636363636,2.95914219545455,0.0226324722141897,2.42051277367263,3.64852635462254,0.00593047377996791,0.28925371765877,0.00225943183301705,0.324048202789208,1.92116137451066,1.75971978405565
53,Jun.1996,2.43935,3.019671365,0.0224085526473528,2.43618296214921,3.76205032830168,0.00595181163840429,0.293103033944127,0.00227554044260421,0.323410514252349,1.940643446992,1.78642177378899
54,Jul.1996,2.44436363636364,3.07256509090909,0.0223590036060296,2.4276131059327,3.79763363442758,0.0059514112689025,0.293935021207748,0.00229712029299117,0.32066059326026,1.98084573449241,1.78505988855014
55,Ago.1996,2.46535714285714,3.12730553571429,0.0228799582490314,2.43275818320223,3.82041426112749,0.00599697675226744,0.296741390071995,0.00235877043949931,0.328097462484814,2.04879595025192,1.79713208834625
56,Sep.1996,2.49040476190476,3.13193302857143,0.0226925931468824,2.44325003620599,3.88309711189554,0.00604702010952011,0.299893400034291,0.00239264258231275,0.330086651809186,2.02208895900029,1.81881603504469
57,Oct.1996,2.55370454545455,3.20157938863636,0.0227276914266778,2.49141906873614,4.04762944482724,0.00614536047516435,0.307678953415649,0.00251404102304221,0.332292949402681,2.02939106889487,1.89074174299183
58,Nov.1996,2.5832,3.280664,0.0230114825801509,2.50698757763975,4.29523416400522,0.00615003690212604,0.311255166098346,0.00258737446996985,0.326206922678655,2.02675454081833,1.93010901320263
59,Dic.1996,2.58338095238095,3.20985083333333,0.0227080987692755,2.4904858308888,4.29961095071243,0.00611581390682264,0.311288221759363,0.00258112659641165,0.32797757339761,1.94670958319653,1.89701314229976
60,Ene.1997,2.62525,3.1755024,0.0222445069773314,2.51725956467542,4.35702674602837,0.00619469548597183,0.316436242662392,0.00255407806075889,0.33528525268522,1.88380370123207,1.94662868751646
61,Feb.1997,2.638125,3.0578506875,0.0214467025915787,2.51417611741161,4.28895070379029,0.00633875153175232,0.318118511015447,0.00245580047855121,0.338542335035803,1.81502796716868,1.94666838842975
62,Mar.1997,2.63315789473684,3.01707231578947,0.0214703677746971,2.4918689265987,4.22684723495584,0.0063595167123218,0.317412381684107,0.0024793249547942,0.330682410048832,1.79741420966767,1.91944213023931
63,Abr.1997,2.66086363636364,3.0323202,0.0212007323540364,2.50811917839913,4.3342972869535,0.00637210507295281,0.320752153086977,0.00250871271868793,0.336660505378954,1.82014066376882,1.90882233769995
64,May.1997,2.66366666666667,3.04483736666667,0.0223853656239501,2.49336952791039,4.35035689340399,0.00636312239713974,0.32119845490319,0.00247839545372145,0.336929894464332,1.85989461140282,1.92953407711355
65,Jun.1997,2.65564285714286,3.00193868571429,0.0232533485441092,2.47128499641062,4.36548037984928,0.00636386977508473,0.320261798234809,0.00245483717613501,0.334190254469623,1.84144704582939,1.91884482228273
66,Jul.1997,2.65161904761905,2.91625062857143,0.0230259773085039,2.45361251746002,4.43098963296752,0.0063647513204653,0.319815108685102,0.00240532332037373,0.336256647807937,1.78956681646142,1.92550307645055
67,Ago.1997,2.65367380952381,2.83757340452381,0.0225076503571074,2.43926262480357,4.25428053753945,0.00639670678443729,0.320128574990205,0.002344866187931,0.34090076301322,1.7522012898974,1.90849998886965
68,Sep.1997,2.64406818181818,2.90345127045455,0.0218979499179153,2.41776534548115,4.22934023660658,0.0063727842415478,0.319054467349428,0.00216417635799643,0.339889472158857,1.79474228858914,1.9064453943069
69,Oct.1997,2.66259090909091,2.97784167272727,0.0219941427702035,2.4203171612498,4.34271357191337,0.00642501606884706,0.321421438119089,0.00210815900470336,0.340860938489779,1.83304595992627,1.92012299234624
70,Nov.1997,2.7197,3.10562543,0.0217100307174943,2.45615461031338,4.58999460160469,0.00639989646084338,0.328422552559443,0.00210139661707364,0.328317489059907,1.93252470991168,1.92442592517942
71,Dic.1997,2.71640476190476,3.02037045476191,0.0209952974906069,2.43930025314724,4.51297459131105,0.00619773383354574,0.328084057430886,0.00209415813233305,0.333874724914548,1.88876627003717,1.90397754391586
72,Ene.1998,2.7442619047619,2.98273826428571,0.0211989676590702,2.45045263395116,4.48755141347307,0.00605276231227399,0.331468626391988,0.00207458345958955,0.335492543187108,1.85960880435442,1.90466605920413
73,Feb.1998,2.798225,3.0481064925,0.0222078599661782,2.48267678111969,4.58726650654055,0.00623865739192473,0.337986616902804,0.00207873384829984,0.329466514387981,1.91166926272066,1.95138322280104
74,Mar.1998,2.80565909090909,3.04498181136364,0.0218014582247299,2.47478088639772,4.65993952322643,0.00619994053633812,0.338880458366641,0.00206739608407727,0.327423483867135,1.88478892025225,1.9810097572978
75,Abr.1998,2.81865,3.079938855,0.0214070011940499,2.46990010515247,4.71254850189059,0.00621203773085908,0.340449560343995,0.00207164382528648,0.331620512669677,1.8711165693043,1.97134584315399
76,May.1998,2.842775,3.15434314,0.0210580823879904,2.47606915773887,4.65507907276782,0.00626962860041463,0.343371784031888,0.00205010054797474,0.332052325216038,1.92183274743104,1.96732514645379
77,Jun.1998,2.90602380952381,3.20127582857143,0.0206735437259923,2.51690958732358,4.79388494262943,0.00637020497933714,0.350981775852242,0.00209725285187159,0.326543377833641,1.9453120168716,1.9832217196922
78,Jul.1998,2.9187619047619,3.20771933333333,0.0207396177968672,2.5129245843839,4.79697856872697,0.00628177062836154,0.352515991299537,0.00212774549472872,0.327803448423394,1.92833201514376,1.96202500695077
79,Ago.1998,2.96033333333333,3.26672783333333,0.0204647843093077,2.52652840601974,4.82916207050718,0.00628174114784479,0.35753249837961,0.00212929212341493,0.319704234884156,1.9801432280562,1.92819163371958
80,Sep.1998,3.04111363636364,3.52008903409091,0.0225948014608107,2.57525077175344,5.10969108251698,0.00646357839822239,0.367328618959251,0.00200134517245912,0.297698928711909,2.16808917019943,1.99896039299923
81,Oct.1998,3.048675,3.6642024825,0.0251337262548973,2.5653609895658,5.16593974309817,0.00657608930112165,0.368295320012564,0.00192039313989404,0.300294022044266,2.28260869565217,1.97319768850943
82,Nov.1998,3.09135714285714,3.61101427857143,0.0256370616409883,2.58972701923192,5.1365977642698,0.00667304999969163,0.373451538193378,0.00197742449129717,0.309525716688742,2.23330068620884,2.00819630294026
83,Dic.1998,3.13407142857143,3.68441437142857,0.026645167056641,2.60002607314703,5.23506191601042,0.00663449994405349,0.378607065629137,0.00206037079424,0.316199181630944,2.30595637513349,2.03218306022833
84,Ene.1999,3.2473,3.769400894,0.0286911987474935,2.16325864440766,5.36149597245539,0.00682664816683485,0.392233361517091,0.00206875242882353,0.321184127235322,2.34690853900914,2.13749954746068
85,Feb.1999,3.394475,3.804408773375,0.0290966364314858,1.77453320903,5.52710749086116,0.00687906576147533,0.410059797052428,0.00216225029073865,0.338939091362956,2.38045063745635,2.26710190178825
86,Mar.1999,3.37821739130435,3.67649929905481,0.0282042691845304,1.7817602274812,5.47337187395164,0.00685960321496172,0.4080416218314,0.00217965118231328,0.345797559848337,2.30445608056506,2.22617291024998
87,Abr.1999,3.34795,3.58378264159091,0.0279449379676548,1.97721162124947,5.39078822906065,0.00694120208156242,0.404380858053918,0.00212519839924721,0.35442725742993,2.23587198974208,2.25091004045184
88,May.1999,3.33097619047619,3.54019321882085,0.0272776214339942,1.97952570959617,5.3805023487994,0.00686742575968207,0.402364702600253,0.00203501546218133,0.355784768487369,2.20995461332231,2.27829936183646
89,Jun.1999,3.3377380952381,3.46375287987011,0.0276070128244397,1.89147799336158,5.32584454966035,0.00664662981707011,0.403206345409706,0.00197130183887524,0.34980172454234,2.17123961310008,2.27196816601542
90,Jul.1999,3.32255,3.4397302975,0.0277212514715612,1.84636000131348,5.22830372366698,0.0064298293145489,0.401390499661738,0.00182999102230104,0.354704230765125,2.14371894960965,2.23172664866535
91,Ago.1999,3.36140476190476,3.56428081839828,0.0296408280082656,1.78802881029004,5.40158245525432,0.00655206276807353,0.406101635435049,0.00179395474393713,0.357668545972565,2.22745299248864,2.25242746184348
92,Sep.1999,3.41813636363636,3.58930731053718,0.0317754829451701,1.8015792777296,5.54694161766311,0.0065163213490351,0.412946075554321,0.00172842655928214,0.365955736286454,2.24093066611358,2.3145187262632
93,Oct.1999,3.472375,3.71764042083332,0.0327666009266511,1.76378186731413,5.7584991708126,0.00644464550853749,0.419500688622031,0.0017550915915324,0.363969162395313,2.33201813297515,2.35047942029574
94,Nov.1999,3.48169047619048,3.59945074361473,0.0331728579232295,1.80483568739171,5.6518196779223,0.00640452233355495,0.420585958547759,0.0017885603711927,0.369586590540892,2.24354519140809,2.37260883122523
95,Dic.1999,3.48384090909091,3.52221066601241,0.0339291089704997,1.89130474899133,5.62118351822597,0.00648252932360334,0.420787782234904,0.00184534826661732,0.370089861272737,2.2004780820675,2.36472783372725
96,Ene.2000,3.49945238095238,3.54737821451248,0.0332765772494695,1.9409873908519,5.74415216334392,0.00672389735988545,0.422677462445557,0.00181730147356275,0.369167805740127,2.20396295563193,2.41519768446535
97,Feb.2000,3.45595238095238,3.39866585600907,0.0316162067215406,1.94757448818306,5.52961228332034,0.00673871966647632,0.417480343478034,0.00177170222663815,0.365879603302319,2.11562152194154,2.38166340141517
98,Mar.2000,3.44286956521739,3.32010881172021,0.0322647565096344,1.97725916412738,5.43871469790909,0.00681028121457727,0.415877829624644,0.00176005733107698,0.37036430740621,2.06898245548027,2.35718920768021
99,Abr.2000,3.47888888888889,3.29433383333332,0.0329802518760086,1.96840050294488,5.50805713883611,0.00684685866736644,0.420191693839555,0.00175021130685137,0.371089398055307,2.09253957178794,2.36914429317659
100,May.2000,3.50331818181818,3.17389480351241,0.0324057255875438,1.91738666414574,5.28348165626281,0.00671571173143078,0.423203172445148,0.00170462990309589,0.36846780346854,2.03902974851623,2.34262301844375
101,Jun.2000,3.48702380952381,3.30980374945887,0.0328252264852095,1.92916663373562,5.25851099276724,0.00658251936709293,0.421280603286596,0.00164442363155393,0.355898651689543,2.12206753175096,2.36113851840674
102,Jul.2000,3.480325,3.27031224571427,0.0322559941425619,1.93671613116926,5.24983407246508,0.00641239060340856,0.42035956711839,0.00161032221944606,0.367557135011828,2.10962030380545,2.35498408165889
103,Ago.2000,3.47754545454545,3.1438976478261,0.0321777332676628,1.92295410778321,5.18046933402672,0.00631144930859989,0.420015224769578,0.00158983285328268,0.374549841085825,2.02755778219006,2.34580960878644
104,Sep.2000,3.48492857142857,3.03925599183673,0.0326450892857143,1.89564160565961,4.99774640962078,0.00615820563956277,0.420905426763198,0.00157421245818362,0.373442554188169,1.98349909584087,2.34491363437342
105,Oct.2000,3.50034090909091,2.99334834969008,0.0323014687532267,1.86303488201697,5.08076306948487,0.0061643084479623,0.422825127993722,0.00160802405471264,0.367752401619099,1.97826433202832,2.31458832674162
106,Nov.2000,3.52847619047619,3.02173889393941,0.032403298578655,1.81206762006984,5.03047559304866,0.00614075215885171,0.426280897929433,0.00165168760124083,0.370720031779719,1.98533491842893,2.28791448270805
107,Dic.2000,3.51957894736842,3.15817376177285,0.0313672000058502,1.79341602413677,5.14362807612373,0.006124948135963,0.425216281856487,0.00161181886088862,0.372674891982129,2.08462637922731,2.31180621415363
108,Ene.2001,3.52268181818182,3.30526830123967,0.030083897658896,1.80307387347144,5.2072162870389,0.00616802391473214,0.425567502960615,0.00157162109677288,0.36055739636051,2.16080982063095,2.34352603209152
109,Feb.2001,3.52845,3.25219000725001,0.0304078763591419,1.76329437241455,5.12953028915347,0.00626578232379735,0.426292669136142,0.0015733140959276,0.363656507982314,2.11679904972164,2.31858011650562
110,Mar.2001,3.51979545454545,3.20133396126032,0.0290593691368218,1.68552398158528,5.08604212780212,0.00598818532902134,0.425222917288787,0.00154510067449032,0.365962991354189,2.08479165948722,2.25845072476449
111,Abr.2001,3.55873684210526,3.17439326315789,0.0287394709745837,1.62376689857905,5.10593825088993,0.00594480203482162,0.42994972177517,0.00153189171968829,0.380581002920099,2.07577933055994,2.28492527511036
112,May.2001,3.60004545454545,3.14702882561982,0.0295255101660416,1.56766921013826,5.13075485925584,0.00595560722363925,0.434932550611067,0.00153549777347123,0.393589540986963,2.05317979613634,2.33548595678378
113,Jun.2001,3.5307575,3.01232460708334,0.0289043082165668,1.48661908822012,4.94677057793345,0.0057310979271836,0.426572482433334,0.00153156870561627,0.388178754796222,1.97904650602275,2.31616932889399
114,Jul.2001,3.50330952380952,3.01517111406925,0.0281053758499924,1.42109249807429,4.95293434910581,0.00533666868325492,0.423263994544995,0.00152052170241611,0.382624456510433,1.99122954455829,2.28919617271168
115,Ago.2001,3.49156818181818,3.14409642480237,0.0287118092232568,1.39115700145719,5.01698136621623,0.00518267505093986,0.421841347959239,0.00152559126280477,0.382591488348603,2.07743642973397,2.26701653193057
116,Sep.2001,3.490025,3.17974432737499,0.0293340396986735,1.30670303706273,5.10446527818405,0.00512304767776408,0.42166305617744,0.00149879391114225,0.371908334310163,2.13264140105592,2.22623707488067
117,Oct.2001,3.46006818181818,3.13435541571145,0.0285292660126682,1.26308776727253,5.02172387132185,0.00488641178056515,0.418043688548871,0.00149066397747202,0.369330008199624,2.11803735374088,2.20221374626822
118,Nov.2001,3.439575,3.05540574136362,0.0281222175800295,1.35295691047157,4.94056938479438,0.00498922976501306,0.415564198103633,0.00148892231538107,0.372962818385869,2.08257144587067,2.15996205181082
119,Dic.2001,3.43536,3.06561983733333,0.0269739527233457,1.45449002921377,4.94403108584587,0.00513399288639149,0.415055449705021,0.0014884783183585,0.374744742124095,2.07918850544103,2.17776784399906
120,Ene.2002,3.45975,3.0559499965909,0.0260788963216602,1.45544991796727,4.95524205098826,0.00518485493346122,0.418012821597118,0.00152017179323138,0.377644246512542,2.0757337589095,2.16195681377925
121,Feb.2002,3.4766,3.02476368100001,0.0260383548577043,1.43732429303787,4.94537695590327,0.0051213835366213,0.420048159465099,0.00151967653715942,0.381783839581823,2.04667208270048,2.17853237626461
122,Mar.2002,3.45623684210526,3.0269722263158,0.0263441721865861,1.47334407947041,4.91606122196894,0.00521098338827196,0.417567166453056,0.00151508929125563,0.380605098845408,2.06175096167008,2.17780869369119
123,Abr.2002,3.43881818181818,3.04625252337662,0.0262360245676334,1.48250482058035,4.96071635120408,0.00528382376358775,0.415456698136832,0.00151951331547506,0.376580284264505,2.07789853579757,2.17459540004691
124,May.2002,3.45140909090909,3.16494213636364,0.0272872551279617,1.39192171757908,5.03656820072248,0.00527811027650455,0.416988433102987,0.00149545657403348,0.363692883055574,2.17229602343176,2.22721192339873
125,Jun.2002,3.48066578947368,3.32556732189473,0.0281612960575552,1.28287552018343,5.17240394910865,0.00516595542911332,0.42052008740719,0.00147441356229548,0.357438619552022,2.26153832475046,2.27244230339377
126,Jul.2002,3.53297619047619,3.5053575331263,0.0299238278913146,1.20421784192454,5.48803310313811,0.00507370957803942,0.426852913019064,0.00141204267188786,0.36058872302723,2.3966029403024,2.28533093721671
127,Ago.2002,3.57011904761905,3.49071635443723,0.029999513029346,1.14820332853278,5.4840538365884,0.00508346724707254,0.431345711167379,0.00134792990077718,0.363341310388879,2.38341614768613,2.27695152482043
128,Sep.2002,3.61902380952381,3.54952131893425,0.0300666605591383,1.08313701345807,5.62597946355933,0.00497816144807809,0.437240703050856,0.00131664040601438,0.360370805030999,2.42274500727944,2.29656077185498
129,Oct.2002,3.61499523809524,3.54670326283644,0.0291853901869404,0.950031884597345,5.62916775112543,0.00486986102771748,0.436751871220882,0.00127771148250434,0.358058580847579,2.41923831576304,2.29114208829836
130,Nov.2002,3.583275,3.5881550792857,0.0292392900856793,1.0021464928963,5.59563221262708,0.00505056520268366,0.432912213639011,0.00131132502305448,0.351191292927709,2.42654229024176,2.2802928580065
131,Dic.2002,3.5142380952381,3.57839051166667,0.0287411516556374,0.969413155561393,5.57435099097139,0.00500639375345551,0.424566412866861,0.00124920462630752,0.344593957290316,2.4372949490506,2.25370633594758
132,Ene.2003,3.49395454545455,3.71123087334709,0.0294463967090952,1.0164070123846,5.64679522497704,0.00483605711639706,0.422137821872744,0.00119943513403864,0.330359168196469,2.53851011018363,2.26730261251982
133,Feb.2003,3.48395,3.75324191525,0.0292100978175032,0.970471774715839,5.60715550262336,0.00467512513251298,0.420906193595465,0.00118025583869154,0.318996300908292,2.55789110451969,2.30366647932026
134,Mar.2003,3.47915952380952,3.75976202311791,0.0293509553918795,1.00959639915848,5.50656757274148,0.00468081950786988,0.420329473399224,0.00117578498342673,0.317943425645364,2.55480538680838,2.35729788659845
135,Abr.2003,3.464625,3.758286615,0.0289226052496078,1.11120465698066,5.45378343066728,0.00482370344587539,0.418578057853386,0.00118391306462594,0.325855404236109,2.51072518171212,2.3755039493171
136,May.2003,3.48114761904762,4.03179886480725,0.029686221325551,1.17807612104335,5.64910442375025,0.00494776374974789,0.420585414006872,0.00121763577376497,0.339604278681016,2.6556212097765,2.51438034488845
137,Jun.2003,3.4787619047619,4.05721374739228,0.0294151506322145,1.20689559751732,5.77637138808765,0.00490532996525833,0.420289052135829,0.00123057072277964,0.331459024969453,2.63329112368149,2.57253227982633
138,Jul.2003,3.47140476190476,3.94762112298136,0.0292472114919525,1.20576754494782,5.63988361180933,0.00495108646191169,0.419392593395459,0.0012142768546678,0.332401781211556,2.55053433885953,2.51274634829978
139,Ago.2003,3.4802619047619,3.87654772698414,0.029288558744951,1.15943029108902,5.54764865106944,0.00494516945132913,0.420473323671459,0.00121374727071691,0.324267137324429,2.51224403369756,2.49364948573203
140,Sep.2003,3.48086363636364,3.90613024008265,0.030218453306395,1.19126065583971,5.60453345199272,0.00515347571414728,0.420540433914651,0.00122562364896455,0.318599939258033,2.52470671083587,2.5534058390336
141,Oct.2003,3.47820454545454,4.06668650928855,0.0317413654779066,1.21585784788847,5.83004449456008,0.00538363419668851,0.420236438017507,0.00120930762533644,0.311376901942146,2.62793588867405,2.6313246722259
142,Nov.2003,3.47775,4.06964566125,0.0318486620081979,1.19387229660144,5.87338715125312,0.00556021871552592,0.42017492035071,0.00122260206857907,0.312902064870215,2.60990454177048,2.64955490867806
143,Dic.2003,3.47128571428571,4.26468938911566,0.032160741501042,1.1869856960783,6.07537272570438,0.00575764756059996,0.41938935777283,0.00123593179676576,0.308205321390203,2.74071951923771,2.64411760043121
144,Ene.2004,3.46716666666667,4.37320335793651,0.032551887737219,1.21610877927301,6.3156520577556,0.00604415080305883,0.418892214037551,0.0012610669506112,0.317192398238616,2.79222905861762,2.67530356458512
145,Feb.2004,3.4835,4.4053908575,0.0326940559043485,1.18910625967169,6.50404227114024,0.00596173264191953,0.420858946106858,0.00128166779067847,0.316313744006974,2.79866634530409,2.62122261016133
146,Mar.2004,3.4650847826087,4.24876643574668,0.0319000902811107,1.19294131911129,6.3326232366108,0.00573775029823765,0.418633606408102,0.00129739627199315,0.315053533478387,2.71388219189278,2.60855028784644
147,Abr.2004,3.46965,4.158514311,0.0323497549608505,1.19429571610758,6.25398799545774,0.00570487840970749,0.419195787805126,0.00131607983701055,0.308317412360599,2.67229162494801,2.58456095105586
148,May.2004,3.4872380952381,4.18720981043084,0.0309916774785437,1.12505377004855,6.22709968614506,0.0054851486335065,0.4213131090154,0.00128234155511931,0.302924634094988,2.71663687833078,2.53005502710761
149,Jun.2004,3.47716666666667,4.22069553712122,0.0317645718279445,1.11150264935239,6.35435512265249,0.0054035224035224,0.420117132595355,0.00127999079226295,0.305577525851715,2.77715657929066,2.56114687526087
150,Jul.2004,3.4413,4.2210516531818,0.0314665335818129,1.13350650906178,6.33651880903718,0.00544173690286058,0.415780145057287,0.00129649327334058,0.299934631978036,2.76409638554217,2.60321387869972
151,Ago.2004,3.39545238095238,4.13428738517318,0.0307684507358287,1.13102574229785,6.17770569465346,0.00533934926949881,0.410237335800355,0.00130665183078222,0.297959088160655,2.6873173785347,2.58844818792279
152,Sep.2004,3.35759090909091,4.10224352561984,0.0305211952630107,1.16165643432095,6.01912966385377,0.0054457722959872,0.405670278324069,0.00131558766371601,0.29232538517917,2.65756239786839,2.60723972631776
153,Oct.2004,3.321025,4.14784952416668,0.0304893779148764,1.16443231284109,5.99690315823688,0.00546868824924252,0.401257651144077,0.00128686984151587,0.29166593479941,2.68747875766747,2.66333985596741
154,Nov.2004,3.31016666666667,4.30035788636363,0.0315563521041275,1.18846730144141,6.15547208172171,0.00554726951780846,0.399947642924747,0.00130826543672194,0.290523501085386,2.82883960745773,2.76752157959659
155,Dic.2004,3.28106818181818,4.39912782855732,0.0315985031983375,1.20744661431117,6.33032004363833,0.00569461822347255,0.396431847014823,0.00135753897152038,0.292691184818749,2.86101409272439,2.69136458045064
156,Ene.2005,3.26821428571429,4.28766369897959,0.0314420677067872,1.21395672153417,6.15645233341048,0.00569256302813747,0.394878787617264,0.00138310182386256,0.290363400059907,2.79860788295452,2.66720063143082
157,Feb.2005,3.258825,4.241116325625,0.0310716282874742,1.25484212552946,6.15081537125816,0.00568155270406918,0.393744336374071,0.00139236869202603,0.292266058007928,2.73616312068647,2.62878427323401
158,Mar.2005,3.25930952380952,4.30250585873017,0.0309488655721822,1.20541052694609,6.21045621045621,0.00555740950042546,0.393802878488434,0.00138475407922366,0.292771636797291,2.7778521833852,2.68013282115741
159,Abr.2005,3.25795,4.21510468190477,0.0303461733707776,1.26355491777847,6.17246409760903,0.0056127037177411,0.393638615356733,0.00138635580274126,0.292817853355144,2.72403846153846,2.63584125179948
160,May.2005,3.25488095238095,4.13173108603895,0.0304443072102983,1.32743921385846,6.04445941870964,0.00562826330580649,0.393267800686395,0.00139143857883438,0.296113623761004,2.66668929465819,2.59247811389033
161,Jun.2005,3.2527619047619,3.95695528658009,0.0299429937265334,1.3481833235636,5.91604871551036,0.00555581311555145,0.393011768834882,0.00139754111977648,0.300236468964547,2.57210559986866,2.6227432112115
162,Jul.2005,3.25205263157895,3.91455769649124,0.0290530453529186,1.37061264870356,5.69267182169368,0.00564818005727799,0.395144687392263,0.00139915537109885,0.304126271294475,2.51325592103229,2.65963273747098
163,Ago.2005,3.25734090909091,4.00406506897233,0.0294191629312447,1.38032837490333,5.84119234123717,0.00595916816210993,0.402057463278099,0.00141254676645658,0.305271727045248,2.57807081164,2.70538157455791
164,Sep.2005,3.30752272727273,4.05383516229339,0.0297820743963508,1.44206606525668,5.97997238704163,0.00616270305062926,0.408745894312907,0.0014414890045773,0.306845908032463,2.61391925338659,2.80872067450199
165,Oct.2005,3.38078571428571,4.06185304591837,0.029444992590694,1.49880775576251,5.96247987563837,0.00631332533013205,0.417925803799239,0.00147468352458429,0.312133993859011,2.62243109130278,2.87097273149117
166,Nov.2005,3.37607142857143,3.97894571103897,0.0285124310942041,1.52763413057531,5.85777740321933,0.00637138867021105,0.417620261646847,0.00148083050576636,0.315806986573944,2.57565948653562,2.85847048408573
167,Dic.2005,3.42428571428571,4.05986575510203,0.0288631742129538,1.4987900881016,5.97617011516032,0.00665776002621996,0.424023392930113,0.00150259804655985,0.322434413450506,2.62186418152882,2.94941513110255
168,Ene.2006,3.39329545454545,4.10695176084712,0.0293913680273618,1.49280517995049,5.99320979626178,0.00646982812413334,0.420670889275804,0.0014924375036485,0.321094584027617,2.65376950624122,2.93211557459346
169,Feb.2006,3.288725,3.926195010375,0.027897620996645,1.5217828883439,5.74891619760165,0.00625589689937226,0.408563151205853,0.00145761310853455,0.313770715464685,2.51905341850882,2.86252382734639
170,Mar.2006,3.33932608695652,4.01386995652174,0.028465384706814,1.5523085194108,5.82179969482822,0.00631527145442541,0.415595452786361,0.00147603656666336,0.311908733054662,2.55736162337664,2.88518536063608
171,Abr.2006,3.33152777777778,4.08817326157409,0.0284489437112499,1.56519980163391,5.88453197523232,0.00643985034267832,0.415628937186195,0.00141493012723349,0.302300036094022,2.594506356957,2.91275086674295
172,May.2006,3.27904090909091,4.18720109832644,0.0293800809397325,1.5060124507835,6.13007965656075,0.00629628239614991,0.409141102519937,0.00136754152007609,0.296054543156333,2.69067172334669,2.95551903719072
173,Jun.2006,3.26406428571429,4.12902648477271,0.0284987387610687,1.45230891466709,6.01670836076366,0.00601715202174222,0.407666105768073,0.00127921539650661,0.286663412993948,2.64652430450183,2.9304463071733
174,Jul.2006,3.2431,4.11343993666668,0.0280370357562764,1.48188256796893,5.98126187270615,0.00599885316858422,0.405856771892501,0.00128452517889769,0.294110712083288,2.62312451975573,2.87193156459212
175,Ago.2006,3.23438636363636,4.1436708083004,0.0279114114750555,1.50080569979879,6.12190555833733,0.00600595391832649,0.405650633253153,0.00135073390448118,0.297444924418687,2.62751030783558,2.89232900717076
176,Sep.2006,3.24773809523809,4.13353546258504,0.0277564287657571,1.49810327747502,6.12584283387988,0.00602940331428218,0.409230878158072,0.00135408348516083,0.295996982851032,2.60908601940752,2.9097033128659
177,Oct.2006,3.23745454545455,4.08276864297522,0.0272840003486885,1.50754577203937,6.06980997329161,0.00609747536576805,0.40963637007791,0.00136861002667487,0.296467481566519,2.56773730227514,2.86855798817521
178,Nov.2006,3.22209523809524,4.15051268917749,0.0274578407466338,1.49371621069734,6.15902750281036,0.00610893227304573,0.409619446317569,0.00140649222163396,0.295746157625219,2.60207322907197,2.83586405281476
179,Dic.2006,3.20531578947368,4.23511627229917,0.027365455386952,1.49145500924736,6.29468350871681,0.00607550663306737,0.409679470431046,0.00141618797762389,0.29501295807397,2.65151943936741,2.77997900214543
180,Ene.2007,3.1925,4.14981465909092,0.0264765453055364,1.4934275155541,6.25489811912226,0.00590645871491739,0.409841853037195,0.00142819153186075,0.291968466491074,2.56491628370344,2.71486828207438
181,Feb.2007,3.1903,4.171062026,0.0264873181679606,1.52245287520878,6.24288202258184,0.00588323160049422,0.411405831097035,0.0014333951487893,0.290344011649072,2.56919669820817,2.72521483607538
182,Mar.2007,3.18561363636364,4.21834613708677,0.0271634564085234,1.52575010123264,6.20300186222376,0.00591582691668116,0.411632235302797,0.00144766950332221,0.286347293156282,2.61379393680812,2.72687833794843
183,Abr.2007,3.17828947368421,4.29582623614957,0.0267375239647027,1.56473487282602,6.32445073762131,0.00597086130694009,0.411391247365512,0.00147895412124414,0.289135172817966,2.62185350443745,2.80210665522082
184,May.2007,3.16752272727273,4.27974074163224,0.0262365221635332,1.59911284696725,6.2830220321195,0.0060678187181961,0.412791522850662,0.0015896387508864,0.292474005528363,2.59199594716435,2.89297901842426
185,Jun.2007,3.1702,4.2539555142857,0.0258542580581497,1.64165501527627,6.29482546364322,0.00601875759416768,0.415327092029105,0.00165007013370612,0.29262124093116,2.56981428791453,2.97624783922313
186,Jul.2007,3.16090909090909,4.33537359917355,0.025996761791911,1.67954786977104,6.42670195776897,0.00608101017874008,0.417030683959107,0.00162411834178795,0.29277707093255,2.61467693286439,3.00942057696383
187,Ago.2007,3.15818181818182,4.30222631620554,0.0270567522387729,1.60705364246988,6.34580818634829,0.0060395123884759,0.416905731421743,0.00150974817539502,0.286163099787231,2.62562608031211,2.98442069769359
188,Sep.2007,3.135975,4.357891978875,0.0272657914185106,1.65155624605014,6.32380520266183,0.00606677177845273,0.416780187898127,0.00148473822757961,0.283927116342236,2.65106812859812,3.05843561351181
189,Oct.2007,3.01986363636364,4.29650442371543,0.0260914822183154,1.67751562957651,6.17016455134266,0.00602286325561156,0.402614665216607,0.00150959744234834,0.278538954450703,2.5709281609062,3.09655978653736
190,Nov.2007,3.001,4.40655927272729,0.0269849833648053,1.69634277316149,6.21427979789613,0.00591971594831837,0.404267099178129,0.00146554241673365,0.276187671409376,2.67033270156518,3.10303059380332
191,Dic.2007,2.980775,4.34309899302631,0.0265559713127534,1.66971487788483,6.03151558073654,0.00597014701169684,0.404339551489699,0.00147804372132442,0.274740999502277,2.61887294739894,2.97142283291836
192,Ene.2008,2.95031818181818,4.34225147892562,0.0274048372757196,1.66355691109004,5.81103027676859,0.0061349931000586,0.407063400091639,0.00149009691763268,0.270247426680912,2.68266835958262,2.91783734174065
193,Feb.2008,2.9055,4.2851420857143,0.0271126497704453,1.68249464358098,5.70544918998527,0.00621869782971619,0.405510646137356,0.00152398507026492,0.269541904002078,2.66271375941641,2.90815890060123
194,Mar.2008,2.81092105263158,4.36438396952909,0.0278888883086772,1.64689539057393,5.63164116088309,0.00634605376040001,0.397291536594897,0.00152244985094661,0.26185615231416,2.77921026352476,2.80524044073908
195,Abr.2008,2.74786363636364,4.32802262045455,0.026811290573969,1.62778486841042,5.44346996110071,0.00615519484883103,0.392509332752964,0.00152892126540161,0.260968102603508,2.7124659556425,2.71022842872019
196,May.2008,2.80457894736842,4.36308346842105,0.0269312401020604,1.68981077747088,5.51203582352631,0.00596591990505939,0.402140331104872,0.00157585924382531,0.268272937897536,2.68655843530545,2.80634293034415
197,Jun.2008,2.89161904761905,4.49726625668934,0.0270485528204642,1.78704594748103,5.67874911158493,0.00585807642753824,0.419174246614642,0.00168689337495779,0.279910851131992,2.78541131420829,2.84402897229606
198,Jul.2008,2.84842857142857,4.4918851658385,0.0266677330728306,1.79078874099621,5.66468175051422,0.00567144905110818,0.416581267402385,0.0015974656943441,0.278194020063343,2.77554281705277,2.81271982749461
199,Ago.2008,2.89230952380952,4.33134369512473,0.0264670774890805,1.79479337499815,5.63879968769525,0.00559765729399947,0.422142527010074,0.00156664207024301,0.286634047906916,2.66540370629282,2.7430986715695
200,Sep.2008,2.96584090909091,4.26176509431818,0.027783573547897,1.64878858633028,5.32773031021576,0.00559413189937362,0.434198542896009,0.00143400610478938,0.280473682581604,2.67091812925822,2.80247023419562
201,Oct.2008,3.07515909090909,4.09675368142291,0.0306493324762173,1.41575392058795,5.19320964436222,0.00497281079031031,0.450140757355079,0.00134308370579154,0.246529453006228,2.69497847713908,2.59561856164515
202,Nov.2008,3.09188888888889,3.93663931166667,0.0319818636961863,1.36477108315555,4.74478069008791,0.00474576022595187,0.452787833582613,0.0013279400404115,0.236728624282315,2.59752746226972,2.53813470086539
203,Dic.2008,3.113775,4.18784944500001,0.0340968446641809,1.30087525066845,4.63045854369437,0.00479543984476067,0.455051302923266,0.00136980019004382,0.232847389438105,2.71610941984107,2.5222964763062
204,Ene.2009,3.151125,4.17166935000001,0.0348259028127294,1.36610875421918,4.53975404758269,0.00505501988801113,0.460820142496139,0.00138693515774166,0.22753119313751,2.78850748646066,2.56961999510723
205,Feb.2009,3.236125,4.13728872875,0.0349843371140399,1.39976858860677,4.66051960770194,0.00534015788830986,0.473411149601507,0.00128725788935992,0.222904325664692,2.77628835908479,2.5990049311724
206,Mar.2009,3.17477272727273,4.14302068595042,0.0323415175346637,1.36283026548556,4.48025121521567,0.00522561926337809,0.464268878051997,0.00128159208435003,0.215395081670956,2.70691034350186,2.51066704766643
207,Abr.2009,3.085025,4.06924052575,0.0311608195010374,1.39904085982495,4.53352568709344,0.00529000480126205,0.45161026667036,0.00129714301906488,0.228706723997331,2.68621594911469,2.52035700776033
208,May.2009,2.99405,4.08701298225,0.0310894270484805,1.44455349502162,4.61188314018101,0.00529245916707912,0.438717382047865,0.0013398951067452,0.226535368132741,2.70144125747935,2.60144058666111
209,Jun.2009,2.99047619047619,4.19158735930734,0.0309838447147831,1.52748623924618,4.89123692820288,0.00540695051434908,0.437636290159449,0.0014347878404881,0.224108108609641,2.7644373621633,2.65458652599461
210,Jul.2009,3.0125,4.24391831521739,0.0318796869513351,1.55592072177867,4.92515154387847,0.00557436808408275,0.440938011895383,0.00146977453847084,0.225454463811284,2.79107098978033,2.68451347263521
211,Ago.2009,2.95054761904762,4.20984134285714,0.0311114179554128,1.6003197462692,4.88269236221881,0.00539523774694196,0.431858178865528,0.00146149113617021,0.226939016194102,2.76117075083668,2.71137704951032
212,Sep.2009,2.90965909090909,4.23693976239671,0.0318019309624952,1.59750687854456,4.75320541862451,0.00529924061415351,0.426079634708059,0.00146891200484499,0.217159805869905,2.79601383756586,2.68974077466501
213,Oct.2009,2.871775,4.25492626818181,0.0318064602045283,1.65301041846543,4.64609858270297,0.00526127176555879,0.420615945991337,0.00151316710575838,0.216531826338727,2.81061849662125,2.72244254443186
214,Nov.2009,2.8845,4.30208065714286,0.0323408787810837,1.67297260414179,4.78431550330841,0.00568059373127357,0.422489384496063,0.00146059740967192,0.219679372453448,2.84895923356132,2.72231791048298
215,Dic.2009,2.87747368421053,4.20502232727273,0.0321286633037469,1.64728285104793,4.67322120979726,0.00573830628020845,0.421429972824456,0.00142681965521229,0.223920942866411,2.79952685784008,2.72901525437265
216,Ene.2010,2.85645,4.0767540045,0.0313348449794809,1.61182836957871,4.61928160779886,0.00570536891303479,0.418384865154889,0.0014443380351198,0.223038182244085,2.76105553139046,2.73885716751284
217,Feb.2010,2.853975,3.90586456575,0.0316111878445389,1.54556310111775,4.45715007611688,0.00535897363677332,0.418039882584546,0.00146140916614714,0.220173347528236,2.66202799268313,2.70053083779641
218,Mar.2010,2.83928260869565,3.85248677996218,0.0313671537024875,1.58943435720196,4.27224386697178,0.00542717831771476,0.415924401352542,0.00148641458666308,0.225093358757524,2.66071399468701,2.77543552452069
219,Abr.2010,2.83985,3.8070177145,0.0304127029003899,1.61494936091855,4.35200090800226,0.00545474626406976,0.41602470329468,0.00146597195053034,0.231975984316288,2.65566626611369,2.82554736180926
220,May.2010,2.8455,3.57546559999999,0.0310084530862973,1.57843158404033,4.16327006755421,0.00533654657639579,0.416776839435556,0.00143408862168737,0.224362512418589,2.52551699653856,2.73626817447496
221,Jun.2010,2.83805,3.4648333425,0.0312143235805872,1.56991921228838,4.15069330706145,0.00528825907913616,0.416350033008142,0.00147333851951815,0.223057516072748,2.51537333515965,2.7343318176718
222,Jul.2010,2.82281578947368,3.6047357631579,0.032184612282642,1.59433935555653,4.31570365674374,0.00530883884276251,0.416488138408086,0.0015065615702319,0.219946532244075,2.67999744921571,2.70725470043479
223,Ago.2010,2.80202380952381,3.61298044588744,0.0327823305619959,1.5928347138758,4.4540484207442,0.00550149966528668,0.412661732647246,0.00154126679806953,0.220179301555371,2.6933354804535,2.69066857996718
224,Sep.2010,2.79063636363636,3.64652453636364,0.0330701717436137,1.62172218218045,4.34561937687385,0.00564986205259118,0.413916734562307,0.00154579254337832,0.216984399629606,2.78487606734969,2.70126314307409
225,Oct.2010,2.791475,3.87953878404761,0.0340976828270243,1.66449463700711,4.42667838202794,0.0057670337162218,0.418312976534902,0.00154334185787503,0.22415184486289,2.88372537473786,2.74218423831626
226,Nov.2010,2.80559523809524,3.83271090205626,0.0340171108940205,1.63861335924757,4.47997735635129,0.00581687518264894,0.421527640350979,0.00150608037533719,0.227632655158598,2.85661760249536,2.77013747837208
227,Dic.2010,2.815675,3.72235907619565,0.0337507716465589,1.65925631279649,4.39329769952442,0.00593048359240069,0.423180078410716,0.00146200237974473,0.227050422946352,2.9000669481924,2.79402793330338
228,Ene.2011,2.78704761904762,3.72340271746033,0.0337369629389709,1.66552090513065,4.3288934494417,0.00569436012391226,0.422063525336727,0.00149535215071444,0.229430066518569,2.91451388375358,2.80430813562237
229,Feb.2011,2.770525,3.781475719875,0.0335830167592348,1.66113821471737,4.46715050748212,0.00582422375917089,0.420794345630394,0.00146884076347574,0.229488676838461,2.91296919356535,2.8054386844277
230,Mar.2011,2.77939130434783,3.8909182241966,0.033980547430946,1.67575417588524,4.49335532736286,0.00579462379724346,0.42328483760154,0.00147246473553951,0.231282509744104,3.02382123666086,2.84601276332057
231,Abr.2011,2.81563157894737,4.06627584986149,0.0337820386930228,1.76825181979016,4.6012208223242,0.00597392764777087,0.431237941286282,0.00155611565932828,0.239457033180311,3.1347296412633,2.9384131733978
232,May.2011,2.77495238095238,3.98167826406928,0.0341502338371539,1.72113958969573,4.52852994470351,0.0059328082033489,0.426947936221712,0.00154086570242471,0.238236281299838,3.17104625916232,2.8667568578855
233,Jun.2011,2.76407142857143,3.97705904707792,0.0343312586300571,1.74155625454141,4.52438162617133,0.00588839485433082,0.42669659042626,0.00155028190342905,0.234402258189572,3.28955127453709,2.82986580862189
234,Jul.2011,2.74131578947368,3.91029116541353,0.0345265321003613,1.7531854219527,4.41988992247156,0.0059215358134395,0.424272492011748,0.00155561382905899,0.234782099132724,3.3293042051442,2.86958629694722
235,Ago.2011,2.73938095238095,3.92915365175985,0.0354746193328915,1.71676422004076,4.48505408114893,0.00586855106660587,0.427425464526672,0.00153469822687347,0.225079983269734,3.50824466352597,2.78721977913557
236,Sep.2011,2.74384090909091,3.77826893181818,0.035709658813612,1.57855737316234,4.33022915526721,0.00567272614503279,0.42988044574339,0.00149189163043116,0.212222112064328,3.12611573933577,2.73672542299113
237,Oct.2011,2.731825,3.74433040583333,0.0355836112124212,1.53491922438852,4.3051766180802,0.00533830656192598,0.429768740659168,0.0014306782304854,0.20264561450359,3.04758531442787,2.67871938813032
238,Nov.2011,2.70495238095238,3.66675967619048,0.034866889676285,1.52476069527097,4.28355555959188,0.00532010144943825,0.426702483113387,0.00141143574290565,0.198371373953298,2.98410001704705,2.63687087986169
239,Dic.2011,2.69626315789474,3.55341805513784,0.034630254819567,1.47246934451368,4.20757853336727,0.00521349490089282,0.426044173734276,0.00139371742795258,0.196069050720988,2.89413961806716,2.63362244796978
240,Ene.2012,2.69265909090909,3.47483983873966,0.034979456430047,1.50288089062916,4.17902842045732,0.0053709241052162,0.426336978832308,0.00145569283690559,0.199386812806585,2.87282853231311,2.6574166964228
241,Feb.2012,2.68352380952381,3.54871744308389,0.0342321130922009,1.56050580613718,4.23970970256034,0.00557337392162622,0.425931821280658,0.00150629044223751,0.209627369625495,2.94076744146605,2.69287192591358
242,Mar.2012,2.671,3.5259871,0.0324013794457955,1.49203100759448,4.22457315773464,0.00550272973301994,0.423421411020399,0.00151216436224547,0.209390017325044,2.92368622690138,2.68751600746405
243,Abr.2012,2.65702777777778,3.49711003932749,0.032605768568684,1.43596880192638,4.25092602653234,0.00546656169368601,0.421979357823639,0.00149706726666427,0.203584940678082,2.91033406419685,2.67675546555895
244,May.2012,2.66927272727273,3.41370862479339,0.0334849900869056,1.35153360537079,4.24877380700844,0.00536979767702575,0.423333466296868,0.00149060326483845,0.196912916231869,2.84519087934247,2.64326063723515
245,Jun.2012,2.670575,3.34523854714285,0.0336677622692481,1.30413725025114,4.15630144928574,0.00528169819903393,0.422707149177165,0.00149358697509671,0.191000929766843,2.78667310969883,2.59765511012297
246,Jul.2012,2.63504761904762,3.2380662891775,0.0333622123627568,1.29851600852286,4.10774791131437,0.0053597422875976,0.416672627810052,0.0014765149380534,0.196801023126325,2.69428336327739,2.59883716323599
247,Ago.2012,2.61597619047619,3.24379910238094,0.0332547310718306,1.28866098194583,4.11036611700047,0.00543868675295351,0.412591056612141,0.00144838579826005,0.198495803207845,2.70166819344839,2.63669824165721
248,Sep.2012,2.6028,3.346081596,0.0332976077099117,1.28313224877403,4.19509083707277,0.00547992504789776,0.410574451551199,0.00144439155409655,0.200414257224477,2.77020804624744,2.66054788355501
249,Oct.2012,2.5876,3.35719724173914,0.0327674393171052,1.27429374844567,4.16166839331404,0.00544345338269943,0.409796516507893,0.00143613637356973,0.201012988627183,2.7756651953081,2.62113864852021
250,Nov.2012,2.598625,3.3334452784091,0.0321643850876324,1.26118682236006,4.14894010071865,0.00540738081861123,0.412757951383153,0.00142780242311505,0.198562335717342,2.76642234748681,2.60631984658867
251,Dic.2012,2.56688888888889,3.36759610292397,0.0307125764424355,1.23206395511622,3.98124466726186,0.00537985221824008,0.408087199448158,0.00142845841831944,0.199493968204623,2.78433044204159,2.59394786354327
252,Ene.2013,2.55190909090909,3.39098839958679,0.0286216811452343,1.25551167658062,4.07416393697386,0.00539892333109588,0.406437382768485,0.00144157265478988,0.20059182126169,2.76005893553226,2.57214720812915
253,Feb.2013,2.57805263157895,3.44403340078947,0.0276715707120621,1.30626210045175,3.99041754932942,0.00545804427230162,0.410243568247183,0.00143852592134647,0.202766361887226,2.80090117392771,2.5529131512012
254,Mar.2013,2.59394736842105,3.36268961052632,0.0273656564759187,1.30906183680354,3.90984435321787,0.00548995188982,0.413405806218912,0.0014312600699882,0.206286322988672,2.74140616308822,2.53134715331946
255,Abr.2013,2.5975,3.3835035,0.0265866253153803,1.29673080488953,3.973213925,0.00550154615156521,0.415795146499915,0.00141888989004764,0.212476175674239,2.77459198416848,2.54982978475068
256,May.2013,2.64438636363636,3.43295439721076,0.0261608037398979,1.30314651088298,4.04709450963538,0.00551396297517904,0.426664999176849,0.00143153830727267,0.215829513363834,2.76504415901749,2.59289385128328
257,Jun.2013,2.7475,3.6236090625,0.0282283842096852,1.26829480962114,4.25902747983678,0.00546342142416831,0.445243551058375,0.00144177951847358,0.212390133038551,2.94509983742549,2.66368708584392
258,Jul.2013,2.77671428571429,3.6319785037267,0.0278365878183317,1.23604819424214,4.21773635518914,0.0055029281993432,0.449907122892905,0.00145935389939145,0.217183618877778,2.93821317275475,2.66908931780649
259,Ago.2013,2.8017380952381,3.72897331785714,0.0286271390133656,1.19811526834424,4.34048257174874,0.00546586141674935,0.454034259022296,0.00147164206655449,0.217688501929862,3.02292555834198,2.69174813913379
260,Sep.2013,2.77857142857143,3.70881068027212,0.0279875355140321,1.22267486686517,4.40903114657478,0.0055089335673909,0.451201076387143,0.00144823201585297,0.212226192749393,3.00717702609518,2.68658283239038
261,Oct.2013,2.76911904761905,3.77568178178053,0.0283078982597055,1.26179773746375,4.4580373021947,0.00552815579205544,0.450964116288231,0.00146824753585688,0.212703192148144,3.06714312086289,2.671992133564
262,Nov.2013,2.798125,3.77548341369048,0.0280406026088554,1.22253489548601,4.4990315520425,0.00538878189696678,0.455897321780769,0.00145712825129855,0.214195768329838,3.06320509570288,2.66683663257818
263,Dic.2013,2.78525,3.81679519,0.0269336376869129,1.18727620680062,4.56088802917035,0.00526064784210029,0.455314522984372,0.00143884274491178,0.214088610124675,3.11540046507521,2.61792530418313
264,Ene.2014,2.80893181818182,3.82302004390497,0.0270258509470517,1.17944789169383,4.62736852394234,0.00523049772951379,0.460185217991683,0.00143158935779285,0.212828499418994,3.10935798687354,2.56713137763301
265,Feb.2014,2.81265,3.8416580025,0.02753286092636,1.17777212109992,4.58866124649128,0.0050732310023268,0.460089532055965,0.00137780107328041,0.211655679971103,3.14451185068374,2.54420915318952
266,Mar.2014,2.80638095238095,3.87912675328798,0.0274402302904588,1.20538926919294,4.66510564558525,0.00497896576762609,0.457295791940718,0.00139051556092747,0.212356867925371,3.18447919537258,2.52664522069033
267,Abr.2014,2.794375,3.85973046875,0.0272452340935259,1.25039686260137,4.6771901289617,0.00503816926608892,0.453992698749494,0.00144116761201589,0.213831773555452,3.16707998942181,2.54235498251862
268,May.2014,2.78697619047619,3.82711551870749,0.027379665885413,1.25523582386667,4.69615780310149,0.00501160517578295,0.452219527733424,0.00145313694493268,0.215245421302002,3.1403610155568,2.55833420422655
269,Jun.2014,2.79423809523809,3.79803486621313,0.0273804302179086,1.250296705493,4.72335395366403,0.00505232360908056,0.453878140769595,0.00147974035006492,0.215219521784929,3.11807216111377,2.57992041691848
270,Jul.2014,2.78609523809524,3.77214279668738,0.0271073675627091,1.25412736119064,4.70376459047619,0.00499112383886931,0.451738182098944,0.0014879569533148,0.214754438936226,3.06433704145979,2.59432728673542
271,Ago.2014,2.81447619047619,3.74778329977323,0.0273363859210952,1.2402111783517,4.70069605828919,0.00486050633015489,0.456849927612352,0.00148258178986257,0.214044884818328,3.0925760959,2.57564912532997
272,Sep.2014,2.86395454545455,3.69489190289255,0.0267049804497538,1.23062126355416,4.66719149166039,0.0048257781277142,0.465526598010354,0.00145100502715082,0.216962966125858,3.05814687181478,2.6008028374103
273,Oct.2014,2.90604545454545,3.68275559466404,0.0268925484257681,1.18593815917694,4.66867137744016,0.00493237493548405,0.472985999129455,0.00141968547024815,0.215633195902993,3.04859498457416,2.59178030050844
274,Nov.2014,2.925075,3.6482120415,0.0251701150194568,1.14872498069144,4.6804125075,0.00493717292068065,0.476061889171293,0.00137812233879032,0.215365670487929,3.03240530095779,2.58251162855537
275,Dic.2014,2.9615,3.65192436666666,0.0248213450730942,1.12489079652068,4.6519242,0.00483179669744289,0.483571860668726,0.00126538511618263,0.205280523477465,3.03697608664866,2.567954813152
276,Ene.2015,3.005525,3.49282078666666,0.0254042891892145,1.14125040969519,4.584627835,0.00483721561598396,0.490507024977602,0.00125295814614041,0.204796023358341,3.19325476709724,2.48079054142814
277,Feb.2015,3.078525,3.494018126625,0.0259652365824173,1.09772643531523,4.71795315073905,0.00493655966999002,0.501850236781403,0.00126934304763554,0.206381103058988,3.28748094139144,2.46280963649705
278,Mar.2015,3.09168181818182,3.35066638285124,0.0256812320889859,0.993268346009673,4.63003095290464,0.00491911880101858,0.502667731342685,0.00119527852443094,0.203396105220411,3.15416431120376,2.44999477705216
279,Abr.2015,3.1199525,3.363090398325,0.0260975736295777,1.02026977211547,4.66213945071591,0.00507469504418616,0.508982873083772,0.00125029955549571,0.204952603988754,3.24348505110552,2.53014058481428
280,May.2015,3.15045,3.51260997975,0.02610378121771,1.03233230660978,4.87456314885445,0.00518426184187792,0.515271729352692,0.00129345277929457,0.206512405362001,3.38690978017936,2.58554680607476
281,Jun.2015,3.16123809523809,3.54476812251083,0.0255452645151856,1.01467933977187,4.9162982982476,0.00501787996725596,0.516868331946162,0.00123683103826242,0.204528803667014,3.39115865183233,2.55638562484514
282,Jul.2015,3.18125,3.49803334239132,0.025812755253834,0.98959467446418,4.94899746623591,0.00489318027528356,0.520092533555676,0.00115976951910872,0.20022847288222,3.33421467602319,2.47287303943727
283,Ago.2015,3.23835714285714,3.60722144217686,0.0262781549590209,0.924644822339787,5.05314916955272,0.00470612293198196,0.513570377239798,0.00107151433954607,0.196406910653636,3.34544318617853,2.46287248386315
284,Sep.2015,3.21861363636364,3.61166488161156,0.0267582295079489,0.827210655856442,4.9424767032463,0.00465299765485085,0.505331206945117,0.0010485861320669,0.191160860259642,3.31110380258244,2.42603843289937
285,Oct.2015,3.248375,3.64957884318182,0.0270558342918335,0.836010620501513,4.916090725,0.004739978529142,0.511630150484668,0.00110515296334262,0.195661667269004,3.35191732223494,2.48486026824417
286,Nov.2015,3.33664285714286,3.58221977142857,0.0272305783661673,0.881581212594862,5.07553721503572,0.00473953348372063,0.524287057570936,0.00111797426449347,0.200582084373894,3.31260035247934,2.51246605484257
287,Dic.2015,3.38266666666667,3.67938803636363,0.0277440591406669,0.874373953325155,5.07029618251115,0.00480330039939149,0.524225001420594,0.00104196244536903,0.198958155657113,3.39662370224316,2.4682589872063
288,Ene.2016,3.437325,3.732814643625,0.0290545008006537,0.849618766001291,4.95000648329987,0.00476118086067141,0.522863665439885,0.00104710836674364,0.191196184225164,3.41337746233009,2.41671148796153
289,Feb.2016,3.50590476190476,3.88908345759638,0.0304614524966916,0.883431001031813,5.01054321150645,0.00497937883561097,0.535750488021657,0.00104501410610781,0.189675484989735,3.52637537093303,2.54122887040886
290,Mar.2016,3.40738095238095,3.78207927777779,0.0301350248044786,0.915608406574384,4.84717606576647,0.00499566365059595,0.523641177449631,0.00108214071342899,0.192091742296666,3.46617021325888,2.57623931019675
291,Abr.2016,3.30154761904762,3.74368773185942,0.0300235572280418,0.92489454741431,4.72452226639223,0.0049281803849429,0.509597570983783,0.00110098824940288,0.188741831826829,3.42392861023043,2.57559716185594
292,May.2016,3.33372727272727,3.77080922479338,0.0305672047093866,0.944377003728132,4.84180226415032,0.00488607475357274,0.510617121122542,0.00111589642082292,0.184791290303887,3.41155956742992,2.57587911478759
293,Jun.2016,3.31657142857143,3.72414790649351,0.031439134197642,0.963729932513696,4.70918311927046,0.00486963477040044,0.502833473989966,0.00110859779283222,0.177859904680697,3.41887344628457,2.57186464295438
294,Jul.2016,3.29873684210526,3.65121472781954,0.031727454504037,1.00700344255525,4.33782392330144,0.00501736878489112,0.493903842337219,0.00111355686997883,0.177638912546931,3.3590827639598,2.52770958683345
295,Ago.2016,3.33304545454545,3.73692361462451,0.0329127616790549,1.03863719194922,4.37124768716404,0.00505932239308219,0.501273095948331,0.00112457755685077,0.1803986498455,3.43398982501021,2.56499321384097
296,Sep.2016,3.38229545454546,3.79226041177686,0.0331779062006895,1.03886145841311,4.44392221775789,0.00505852775141971,0.506890384503275,0.00115855388570584,0.176726377819979,3.47317691721252,2.58019792596154
297,Oct.2016,3.38595238095238,3.73336721882085,0.0326144665490152,1.06301159909281,4.17827584126406,0.00509992415391907,0.501689962447161,0.00115455417878021,0.178697085758517,3.42919452389874,2.55515613834892
298,Nov.2016,3.40289473684211,3.67477055861246,0.0316182327760929,1.01839474022862,4.23049758279739,0.00510854936055796,0.497964798498319,0.00109860103595249,0.170635313368038,3.41724717497701,2.53229255606646
299,Dic.2016,3.39535714285714,3.57969269897961,0.0292957013866077,1.01303498994201,4.24356768685203,0.00508920790291303,0.490518803478778,0.00112820572947181,0.165516564191596,3.33106753934773,2.5472788567013
300,Ene.2017,3.34,3.54521263636364,0.0291067538126362,1.0450607793582,4.104693,0.00505146531384767,0.484200511926065,0.00113486279312958,0.15627046956001,3.31152092008725,2.5320476878887
301,Feb.2017,3.259825,3.469317653625,0.0288297468766874,1.05034046605543,4.06983130516932,0.00506806102832747,0.474289874968013,0.0011316594994705,0.159942741349871,3.25429270240591,2.48653789721133
302,Mar.2017,3.26373913043478,3.48720592967863,0.0288789298519762,1.04361825476931,4.02499513078708,0.00493606511455411,0.473195307003941,0.00110890024515315,0.168175894430005,3.25689964118829,2.43789642591936
303,Abr.2017,3.24736111111111,3.48203707407409,0.0295048346487535,1.03565183034109,4.10279357057626,0.00495218318820541,0.471207206219508,0.0011301090129256,0.173115037055991,3.24476529887201,2.41548186294682
304,May.2017,3.27286363636364,3.61896896590909,0.0291550005349122,1.01999532521621,4.23173728239482,0.00487476109588188,0.475025800413163,0.00111889731048495,0.17421637352757,3.31697946322452,2.4055305908145
305,Jun.2017,3.2678,3.66956115636362,0.0294646157881579,0.991815303056361,4.18316722555183,0.00491285217443597,0.479994445034215,0.00110459718692446,0.17964717071374,3.3751291055567,2.45735360972391
306,Jul.2017,3.24892105263158,3.73987943684212,0.0289066158428083,1.01353375193323,4.22032774504444,0.00493628394001152,0.479794823676889,0.00106938927189663,0.181999129062398,3.38182684774808,2.5612642809378
307,Ago.2017,3.24143181818182,3.82707398863637,0.0294904719368767,1.02892372073696,4.20160029545454,0.00503138996367824,0.485901155220784,0.00108990861527815,0.182023148181236,3.35969301221167,2.57159084706624
308,Sep.2017,3.24616666666667,3.86766846190475,0.0293178656424589,1.03572746600132,4.32649904875,0.00518936994105037,0.494206264445644,0.00111261062484023,0.182378135224066,3.37369223307698,2.64285559210169
309,Oct.2017,3.25104545454545,3.82188470392561,0.0287813508532367,1.01893268916882,4.29285071103896,0.00516410694769243,0.491278152261677,0.00110034293139686,0.173623366705232,3.31164862437145,2.57924927492787
310,Nov.2017,3.24052380952381,3.80372684761905,0.0286785376034992,0.994411576738768,4.27992992273809,0.00511375368921878,0.489107245771198,0.00107446279664807,0.170760594905613,3.26698639935861,2.53783386719276
311,Dic.2017,3.24618421052632,3.84225197229917,0.0287401379424107,0.986289413797642,4.35129081677632,0.00509666117150283,0.492327230479228,0.00108501666742442,0.170291630716135,3.28927369594317,2.54193455240952
312,Ene.2018,3.21516666666667,3.922342575,0.0290244440655186,1.00161380842267,4.44383545784858,0.00530908493309241,0.50010258552559,0.00112069627591425,0.169197035477788,3.34355934553522,2.58715766366283
313,Feb.2018,3.248375,4.0110284825,0.0301052666807399,1.00230473993037,4.53276238581342,0.00544086196393923,0.514514725650223,0.00113565417699234,0.174379435479542,3.47754523070335,2.58089993986458
314,Mar.2018,3.2519,4.01160578095239,0.0306781640693439,0.991851958362199,4.54285784428571,0.00539163061220599,0.514583700464294,0.0011403528937325,0.174048244745476,3.43353394572907,2.51467046601445
315,Abr.2018,3.230625,3.96601216875,0.0300463362784826,0.948259414717192,4.54692008035715,0.00537940118858357,0.512832321986701,0.00116799411415928,0.176090404657044,3.3389402207615,2.53729187207866
316,May.2018,3.27361363636364,3.86686682758265,0.029841101866097,0.900467044387315,4.41397694659091,0.00523411693934962,0.513565947409466,0.00114555123156361,0.167968928564432,3.28382633626943,2.5429536878643
317,Jun.2018,3.27095,3.81990886571428,0.0297290881312946,0.867034610724023,4.34766107226191,0.00514182124953308,0.505893024647776,0.00113104425057837,0.161047241574555,3.3055257998666,2.49147442845577
318,Jul.2018,3.27659523809524,3.82893983354979,0.0294079999111031,0.855924378561789,4.31451919109978,0.00502217308230334,0.487663565046496,0.00113602886781458,0.171396040094744,3.29431867255358,2.49548474569575
319,Ago.2018,3.28807142857143,3.7973793968944,0.029606725360423,0.836839003582391,4.23472213863636,0.00501038761702643,0.479884631049702,0.00111099633682306,0.17481465841019,3.32608862151535,2.52129866292396
320,Sep.2018,3.311325,3.86057447775,0.0295795390654147,0.804511016201425,4.32520914493421,0.00486285999080318,0.48294370828195,0.00108959413412111,0.173787256152284,3.42114371319351,2.5400362939627
321,Oct.2018,3.33390909090909,3.82867569525693,0.0295624836258842,0.887195981212433,4.33818858801653,0.00492383582022421,0.480643350546902,0.00108135299306378,0.174881665298057,3.35585639171088,2.56197409592903
322,Nov.2018,3.374675,3.83594705420453,0.0297633694496995,0.891352781222473,4.354005685,0.00497349669261322,0.486209062657133,0.00105534464968652,0.166650617283951,3.37113530792668,2.55682683680591
323,Dic.2018,3.36402631578947,3.82967837950139,0.0298831243413942,0.866033875404206,4.26452009342105,0.00493137343801866,0.488564773007883,0.00104855068847813,0.166721661047676,3.39009615522314,2.51067974589104
324,Ene.2019,3.34386363636364,3.81749152169422,0.0306998671079709,0.893829158526034,4.31044722835498,0.00493636927294379,0.492640236477773,0.00105614529694524,0.174019985863611,3.38037165018564,2.51355952009173
325,Feb.2019,3.321475,3.770256094625,0.0301000624288864,0.892144156969131,4.32115156776316,0.00506399197246694,0.493121318874299,0.00106670585312094,0.173081833435816,3.31640090661288,2.51520589384072
326,Mar.2019,3.30469047619048,3.73511854240363,0.0297168361076783,0.859279763843493,4.3523245670068,0.00494543125983451,0.492383849176871,0.00105738726210253,0.171815933127992,3.30264283763114,2.47270082844394
327,Abr.2019,3.303825,3.712921130625,0.029587249567153,0.848100766807609,4.309245024,0.00495263309952535,0.491884615384616,0.00104664004098079,0.173674374839012,3.28235837621952,2.47037117348846
328,May.2019,3.33236363636364,3.72711240330578,0.0303346610908209,0.83289972074592,4.27920715844156,0.00481494142045201,0.485041629378397,0.00100841081912898,0.174576239705141,3.29685649194538,2.4757793496583
329,Jun.2019,3.32565,3.755789571,0.0307768122379855,0.861963432883668,4.215901562625,0.00480301382564351,0.481882325486688,0.00102050319539185,0.17239207514307,3.36297906765093,2.5028360591453
330,Jul.2019,3.29021428571428,3.6910911332298,0.0303972635885705,0.870723510321303,4.10294208084416,0.00479281727715788,0.47840455588677,0.00102574691131828,0.172561574546166,3.3323012505082,2.51068594286448
331,Ago.2019,3.37756,3.75795001872728,0.0317819628718528,0.840318275989975,4.10243043363637,0.00473244251813312,0.478264132532904,0.000989094134718073,0.172415975823907,3.45050364709969,2.5439946974376
332,Sep.2019,3.35735714285714,3.69440382517008,0.0312363949446052,0.81471453877967,4.15007113125,0.0046768642333268,0.471812358095508,0.000987969838743556,0.171082497266495,3.38955794331867,2.53567247676231
333,Oct.2019,3.3597619047619,3.71339875672878,0.0310734214455275,0.822183983188336,4.24554022348485,0.00465542228055109,0.474333771112358,0.000977429963897916,0.173450932352538,3.38136885172442,2.54841832275029
334,Nov.2019,3.3717,3.72604961428572,0.0309917887125438,0.811533856031386,4.34361027078948,0.00437497423966953,0.480414404415514,0.000993222172594335,0.174761961530288,3.3952631260951,2.54812883479049
335,Dic.2019,3.35519047619048,3.72877415976191,0.0307379283140396,0.816570378912113,4.40564469444445,0.00435039035261234,0.477910097335484,0.00098913355528087,0.174953616520862,3.4113064675822,2.54514236106304
336,Ene.2020,3.32736363636364,3.69349463140495,0.0304467369599016,0.80239748062844,4.34959312380952,0.0042927692922389,0.480761105475142,0.00100306376909193,0.176930960138447,3.42967071375495,2.54223631964623
337,Feb.2020,3.39035,3.697176675,0.0308287823272979,0.780855781792405,4.39435754263158,0.00425617746051169,0.484359021787514,0.000994290942004603,0.180660648819166,3.47343455454471,2.55185179316327
338,Mar.2020,3.49136363636364,3.86263841942149,0.0325405039005998,0.714971870264394,4.32266525309917,0.00415947788019881,0.497481826142375,0.000902159370224401,0.158922283051738,3.64819974332937,2.5023211871447
339,Abr.2020,3.3975,3.690330525,0.031478736217919,0.638029966281595,4.21608515625,0.00398123203221256,0.480374968187088,0.000852238307654141,0.14005746581526,3.49907824134628,2.41772379464938
340,May.2020,3.42115,3.72968641275,0.0318864174652954,0.606280514279132,4.20925691763158,0.00415845575697823,0.481099174531326,0.000885541561369689,0.144961526075829,3.52434275589253,2.45005649627601
341,Jun.2020,3.47016666666667,3.9055306219697,0.0322641129344676,0.667854089092423,4.34532692651515,0.00437203925107151,0.489734648073638,0.000938333452008938,0.156206158218285,3.64873579654981,2.56214313841307
342,Jul.2020,3.51656818181818,4.03117971166007,0.0329583403401382,0.6660677092516,4.46016389837662,0.0044915486465178,0.501791359149858,0.000960455400205165,0.156405921730425,3.76256465923924,2.60725403213647
343,Ago.2020,3.56392857142857,4.21544865646257,0.0336088094890073,0.652658465396915,4.67621285892857,0.00454199260828139,0.514327712843744,0.000940822460275073,0.160270206027278,3.9161037847952,2.6952603471295
344,Sep.2020,3.55490909090909,4.19209422809917,0.0336350686418756,0.658452950206532,4.60575799272727,0.00459666290053972,0.522087063865745,0.000946196781467029,0.164236964236964,3.88782340946126,2.68545703943195
345,Oct.2020,3.59561363636364,4.23390043161156,0.0341715669596077,0.639198557201333,4.6634167155303,0.00456141508490513,0.536482059594845,0.000938053169805749,0.168367077625921,3.93923292435513,2.72091666805892
346,Nov.2020,3.6077619047619,4.27083418321997,0.0345483466446712,0.665978475137576,4.76277738446115,0.00473299381964083,0.545954896256596,0.000978306038474012,0.175912871780012,3.96078683540122,2.75912426037658
347,Dic.2020,3.60261904761905,4.38428912770564,0.0346776383178418,0.700224925501632,4.81854535994398,0.00486582736691843,0.550507130352183,0.00103948608744892,0.180292314001984,4.05303255551323,2.81170341610154
348,Ene.2021,3.624575,4.411415863875,0.0349538180473928,0.67678224662036,4.94504582592106,0.00501358650151499,0.560338325370375,0.00103675599863466,0.182241099306648,4.08803559545696,2.84904889561848
349,Feb.2021,3.645275,4.41001724225,0.0345936467265094,0.673069801746096,5.05050932684211,0.00504512810912476,0.564318998080377,0.00102557555910049,0.180089173233209,4.06271942045138,2.87061648008688
350,Mar.2021,3.70815217391304,4.41236251654063,0.0341294708956599,0.656827696468783,5.13841065099244,0.00510507337897646,0.569659990715786,0.00102520130105453,0.178366587648238,3.98961985465925,2.95076186054573
351,Abr.2021,3.69945,4.4316081495,0.0338981464512919,0.665185061318503,5.12032066285715,0.00522635429455591,0.567475323571112,0.0010130336571598,0.184479938564034,4.01568521031208,2.96109977188138
352,May.2021,3.77354761904762,4.5833149995465,0.0345848008344571,0.713275679256594,5.31285106739418,0.00531076676040178,0.58678432046053,0.00100795074505206,0.188838838159007,4.17973418737691,3.10686268478105
353,Jun.2021,3.91030952380952,4.71078543160173,0.0355140750945617,0.777195918127836,5.48625313257576,0.00538206472392197,0.608656754695388,0.00105884334280157,0.195158336434801,4.30698262342717,3.19708936650145
354,Jul.2021,3.94005,4.65785547272728,0.0357646281625223,0.764163917603934,5.439367076625,0.005240014979281,0.608529185090915,0.00102832840610975,0.19728362917157,4.29194671082014,3.14002197903602
355,Ago.2021,4.08619047619048,4.81018913419914,0.0372027486939369,0.778155584703448,5.63986711451247,0.0052394479938382,0.630962040137558,0.00105028620666322,0.203770550702915,4.46964097547661,3.2419926525783
356,Sep.2021,4.10747727272727,4.83463144245868,0.0372665679164248,0.77806532986177,5.63768550322966,0.00522491824355004,0.636207214014846,0.00107330169095986,0.205293799054732,4.45337056446963,3.23765317873269
357,Oct.2021,4.01505,4.65805069785715,0.0354915272216182,0.724820038361729,5.50023707025,0.0049327938246859,0.626240637702077,0.00106454086380781,0.196121100218344,4.34736238035428,3.22834962229182
358,Nov.2021,4.01959523809524,4.58798427564937,0.0352541096348104,0.723435411246997,5.4171080125,0.00494837052914342,0.629037747332226,0.00103256023782837,0.193395747660265,4.36040444989937,3.20462379906254
359,Dic.2021,4.03697727272727,4.5633113487154,0.035531620123617,0.714432833061544,5.3581730729278,0.00476911875847472,0.634030602192163,0.00102111055106754,0.192353340959879,4.38373034284642,3.15652525519842
360,Ene.2022,3.88928571428572,4.40202192857143,0.0338596575765344,0.703823154394239,5.27238840952381,0.00474706815765212,0.611925766240058,0.000972700707411116,0.189682736702299,4.23137332558006,3.07972395808809
361,Feb.2022,3.7908,4.3003980775,0.0328992103763754,0.730130663291481,5.131923695,0.00469446339280412,0.597551950865926,0.000962665203940726,0.185340747882806,4.10954945220873,2.98087800670697
362,Mar.2022,3.73878260869565,4.11864818478261,0.0315168355860141,0.752728388503455,4.92232620869565,0.00468566844235236,0.589227177976898,0.000984199617997482,0.182090628483426,4.02264492551616,2.9549709114944
363,Abr.2022,3.73973684210526,4.03776930789474,0.0295768734436602,0.787546010435082,4.83037347368421,0.00456717310806019,0.580888211435205,0.000982485403230286,0.186148358886129,3.9529796891374,2.9590003608973
364,May.2022,3.75754545454545,3.97594864545455,0.0291751642788213,0.759218621724047,4.67856775454545,0.00443272118702977,0.561015171954977,0.000937175065546297,0.1876345060479,3.8370977000745,2.92522174015568
365,Jun.2022,3.74714285714286,3.96029752857143,0.0279608446154683,0.742373604113069,4.61882958333333,0.00434454760123469,0.559603877728894,0.000951841396154353,0.187521272048755,3.86047872342476,2.92503547000233
366,Jul.2022,3.90218421052632,3.97225955789474,0.0284925222279878,0.724205228708742,4.67503672631579,0.00407630353942524,0.579519202607891,0.000887000843065747,0.18991268927508,4.01910941593294,3.01427653327334
367,Ago.2022,3.87379545454545,3.92368643636364,0.0286581912344096,0.752886475011558,4.64553098409091,0.00429006295032568,0.570065702253593,0.000895797789074476,0.192446948615448,4.04853780583416,2.99988475061259
368,Sep.2022,3.89770454545455,3.85793166818182,0.0272159215953636,0.744483235527604,4.41223495454546,0.0042120381896466,0.555526233258445,0.000876352537673774,0.194263312686561,4.00402759910837,2.92338731126235
369,Oct.2022,3.97871428571429,3.91589585,0.027043318868711,0.757387557058563,4.49917742380952,0.0041760627019339,0.553305718183451,0.000840401315644755,0.199106544494852,3.99634707827625,2.90586516549735
370,Nov.2022,3.87730952380952,3.96478377380952,0.0273584370958172,0.734416818549771,4.56149705714286,0.00424023278129607,0.540948980376528,0.000788289130264437,0.199544617557709,4.03093882474401,2.88756974964666
371,Dic.2022,3.829175,4.05683493,0.0284282570687308,0.729206978159754,4.6568306,0.00438253552705238,0.549093517444993,0.000799691471053759,0.195545398696109,4.10981476842507,2.81739695495112
